{
  "index.html": 1710412759723,
  "model/models.js": 1710412759731,
  "manifest.json": 1710419113793,
  "controller/View1.controller.js": 1710412759747,
  "controller/App.controller.js": 1710412759731,
  "Component.js": 1710412759723,
  "Component-preload.js": 1710419114142,
  "controller/View1-dbg.controller.js": 1710412759747,
  "model/models-dbg.js": 1710412759731,
  "controller/App-dbg.controller.js": 1710412759731,
  "Component-dbg.js": 1710412759723,
  "view/View1.view.xml": 1710412759747,
  "view/App.view.xml": 1710412759743,
  "css/style.css": 1710412759743,
  "i18n/i18n.properties": 1710412759727
}